Character,Deckard,Isidore,Rachael
Deckard,1.0,0.7821782178217824,0.724161443145474
Isidore,0.7821782178217824,1.0,0.7801352744997135
Rachael,0.724161443145474,0.7801352744997135,1.0
